{
    "Color": [
        0.1840014010667801,
        0.17497193813323975,
        0.5316455364227295
    ],
    "Intensity": 1.0,
    "Range": -1.0
}