{
    "BottomLeft": [
        0.0,
        0.33498892188072205,
        0.8270041942596436,
        1.0
    ],
    "BottomRight": [
        1.0,
        0.0,
        0.22200000286102295,
        0.22200000286102295
    ],
    "Far": 700.0,
    "Near": 0.0,
    "TopLeft": [
        0.0,
        0.43037962913513184,
        1.0,
        1.0
    ],
    "TopRight": [
        0.9873409271240234,
        0.0,
        1.0,
        0.5316455364227295
    ]
}