{
    "Color": [
        0.5053275227546692,
        0.34500691294670105,
        0.9846547245979309
    ],
    "Intensity": 1.0,
    "Range": -1.0
}