{
    "BottomLeft": [
        0.08212920278310776,
        0.0,
        0.3734015226364136,
        1.0
    ],
    "BottomRight": [
        1.0,
        0.644501268863678,
        0.0,
        1.0
    ],
    "Far": 800.0,
    "Near": 0.0,
    "TopLeft": [
        0.12035491317510605,
        0.0,
        0.5115089416503906,
        1.0
    ],
    "TopRight": [
        0.056566692888736725,
        0.0,
        0.24040919542312622,
        1.0
    ]
}