{
    "Color": [
        0.9831223487854004,
        0.783711850643158,
        0.3691893517971039
    ],
    "Intensity": 1.0,
    "Range": -1.0
}