{
    "Color": [
        0.8213958740234375,
        0.25738394260406494,
        1.0
    ],
    "Intensity": 500.0,
    "Range": -1.0
}