{
    "BottomLeft": [
        0.0,
        0.5569620132446289,
        1.0,
        0.0
    ],
    "BottomRight": [
        0.16877639293670654,
        1.0,
        0.3581690788269043,
        0.0
    ],
    "Far": 800.0,
    "Near": 0.0,
    "TopLeft": [
        0.9113922119140625,
        0.0,
        1.0,
        0.0
    ],
    "TopRight": [
        0.45569610595703125,
        0.0,
        1.0,
        0.0
    ]
}