{
    "Color": [
        0.36918941140174866,
        0.6489562392234802,
        0.9831223487854004
    ],
    "Intensity": 500.0,
    "Range": -1.0
}