{
    "Color": [
        0.7179677486419678,
        0.5078424215316772,
        0.7383966445922852
    ],
    "Intensity": 1.0,
    "Range": -1.0
}