{
    "Color": [
        0.9974424839019775,
        0.9551495313644409,
        0.7295871376991272
    ],
    "Intensity": 0.6000000238418579,
    "Range": -1.0
}