{
    "BottomLeft": [
        0.04433051124215126,
        0.10970461368560791,
        0.03888264670968056,
        0.0
    ],
    "BottomRight": [
        -0.1807083934545517,
        0.40392157435417175,
        -0.22942744195461273,
        -0.22942744195461273
    ],
    "Far": 699.0,
    "Near": 0.0,
    "TopLeft": [
        1.0,
        0.982417643070221,
        0.017902791500091553,
        0.017902791500091553
    ],
    "TopRight": [
        1.0,
        0.5673247575759888,
        -0.27199995517730713,
        -0.27199995517730713
    ]
}