{
    "Color": [
        0.27026045322418213,
        0.48593348264694214,
        0.25228771567344666
    ],
    "Intensity": 1.0,
    "Range": -1.0
}